question,contexts,ground_truth,evolution_type,metadata,episode_done
What is the significance of large language models in the context of AI development?,"['1. 정책/법제 2. 기업/산업 3. 기술/연구 4. 인력/교육\n구글, 앤스로픽에 20억 달러 투자로 생성 AI 협력 강화\nKEY Contents\nn 구글이 앤스로픽에 최대 20억 달러 투자에 합의하고 5억 달러를 우선 투자했으며, 앤스로픽은\n구글과 클라우드 서비스 사용 계약도 체결\nn 3대 클라우드 사업자인 구글, 마이크로소프트, 아마존은 차세대 AI 모델의 대표 기업인\n앤스로픽 및 오픈AI와 협력을 확대하는 추세\n£구글, 앤스로픽에 최대 20억 달러 투자 합의 및 클라우드 서비스 제공\nn 구글이 2023년 10월 27일 앤스로픽에 최대 20억 달러를 투자하기로 합의했으며, 이 중 5억\n달러를 우선 투자하고 향후 15억 달러를 추가로 투자할 방침\n∙ 구글은 2023년 2월 앤스로픽에 이미 5억 5,000만 달러를 투자한 바 있으며, 아마존도 지난 9월\n앤스로픽에 최대 40억 달러의 투자 계획을 공개\n∙ 한편, 2023년 11월 8일 블룸버그 보도에 따르면 앤스로픽은 구글의 클라우드 서비스 사용을 위해\n4년간 30억 달러 규모의 계약을 체결\n∙ 오픈AI 창업자 그룹의 일원이었던 다리오(Dario Amodei)와 다니엘라 아모데이(Daniela Amodei)\n남매가 2021년 설립한 앤스로픽은 챗GPT의 대항마 ‘클로드(Claude)’ LLM을 개발\nn 아마존과 구글의 앤스로픽 투자에 앞서, 마이크로소프트는 차세대 AI 모델의 대표 주자인 오픈\nAI와 협력을 확대\n∙ 마이크로소프트는 오픈AI에 앞서 투자한 30억 달러에 더해 2023년 1월 추가로 100억 달러를\n투자하기로 하면서 오픈AI의 지분 49%를 확보했으며, 오픈AI는 마이크로소프트의 애저(Azure)\n클라우드 플랫폼을 사용해 AI 모델을 훈련\n£구글, 클라우드 경쟁력 강화를 위해 생성 AI 투자 확대\nn 구글은 수익률이 높은 클라우드 컴퓨팅 시장에서 아마존과 마이크로소프트를 따라잡고자 생성 AI를\n통한 기업 고객의 클라우드 지출 확대를 위해 AI 투자를 지속']","The significance of large language models in the context of AI development is highlighted by their ability to enhance AI capabilities, as seen with the introduction of models like Claude and the advancements in AI technology that they represent. These models contribute to the overall improvement and sophistication of AI systems, making them pivotal in the ongoing evolution of artificial intelligence.",simple,"[{'source': 'data/SPRI_AI_Brief_2023년12월호_F.pdf', 'file_path': 'data/SPRI_AI_Brief_2023년12월호_F.pdf', 'page': 13, 'total_pages': 23, 'Author': 'dj', 'Creator': 'Hwp 2018 10.0.0.13462', 'Producer': 'Hancom PDF 1.3.0.542', 'CreationDate': ""D:20231208132838+09'00'"", 'ModDate': ""D:20231208132838+09'00'"", 'PDFVersion': '1.4', 'filename': 'data/SPRI_AI_Brief_2023년12월호_F.pdf'}]",True
What are the key components of AI risk management as outlined in the G7 Hiroshima Process International Code of Conduct for Advanced AI Systems?,"['∙ 첨단 AI 시스템의 성능과 한계를 공개하고 적절하거나 부적절한 사용영역을 알리는 방법으로 투명성을\n보장하고 책임성을 강화\n∙ 산업계, 정부, 시민사회, 학계를 포함해 첨단 AI 시스템을 개발하는 조직 간 정보공유와 사고 발생 시\n신고를 위해 협력하고, 위험 기반 접근방식을 토대로 개인정보보호 정책과 위험 완화 조치를 포함하는\nAI 거버넌스와 위험 관리 정책을 마련\n∙ AI 수명주기 전반에 걸쳐 물리보안, 사이버보안, 내부자 위협 보안을 포함한 강력한 보안 통제 구현\n∙ 사용자가 AI 생성 콘텐츠를 식별할 수 있도록 워터마크를 비롯하여 기술적으로 가능한 기법으로\n신뢰할 수 있는 콘텐츠 인증과 출처 확인 메커니즘을 개발 및 구축\n∙ 사회적 위험과 안전·보안 문제를 완화하는 연구와 효과적인 완화 대책에 우선 투자하고, 기후 위기\n대응, 세계 보건과 교육 등 세계적 난제 해결을 위한 첨단 AI 시스템을 우선 개발\n∙ 국제 기술 표준의 개발 및 채택을 가속화하고, 개인정보와 지식재산권 보호를 위해 데이터 입력과 수집\n시 적절한 보호 장치 구현\n☞ 출처: G7, Hiroshima Process International Code of Conduct for Advanced AI Systems, 2023.10.30.\n2', '1. 정책/법제 2. 기업/산업 3. 기술/연구 4. 인력/교육\n영국 AI 안전성 정상회의에 참가한 28개국, AI 위험에 공동 대응 선언\nKEY Contents\nn 영국 블레츨리 파크에서 개최된 AI 안전성 정상회의에 참가한 28개국들이 AI 안전 보장을\n위한 협력 방안을 담은 블레츨리 선언을 발표\nn 첨단 AI를 개발하는 국가와 기업들은 AI 시스템에 대한 안전 테스트 계획에 합의했으며,\n영국의 AI 안전 연구소가 전 세계 국가와 협력해 테스트를 주도할 예정\n£AI 안전성 정상회의 참가국들, 블레츨리 선언 통해 AI 안전 보장을 위한 협력에 합의\nn 2023년 11월 1~2일 영국 블레츨리 파크에서 열린 AI 안전성 정상회의(AI Safety Summit)에\n참가한 28개국 대표들이 AI 위험 관리를 위한 ‘블레츨리 선언’을 발표\n∙ 선언은 AI 안전 보장을 위해 국가, 국제기구, 기업, 시민사회, 학계를 포함한 모든 이해관계자의 협력이\n중요하다고 강조했으며, 특히 최첨단 AI 시스템 개발 기업은 안전 평가를 비롯한 적절한 조치를 취하여\nAI 시스템의 안전을 보장할 책임이 있다고 지적\n∙ 각국은 AI 안전 보장을 위해 첨단 AI 개발기업의 투명성 향상, 적절한 평가지표와 안전 테스트 도구\n개발, 공공부문 역량 구축과 과학 연구개발 등의 분야에서 협력하기로 합의\n£영국 총리, 정부 주도의 첨단 AI 시스템 안전 테스트 계획 발표\nn 리시 수낙 영국 총리는 AI 안전성 정상회의를 마무리하며 첨단 AI 모델에 대한 안전성 시험 계획\n수립과 테스트 수행을 주도할 영국 AI 안전 연구소의 출범을 발표\n∙ 첨단 AI 모델의 안전 테스트는 국가 안보와 안전, 사회적 피해를 포함한 여러 잠재적 유해 기능에 대한\n시험을 포함하며, 참석자들은 정부 주도의 외부 안전 테스트에 합의\n∙ 각국 정부는 테스트와 기타 안전 연구를 위한 공공부문 역량에 투자하고, 테스트 결과가 다른 국가와\n관련된 경우 해당 국가와 결과를 공유하며, 적절한 시기에 공동 표준 개발을 위해 노력하기로 합의']",The key components of AI risk management as outlined in the G7 Hiroshima Process International Code of Conduct for Advanced AI Systems include: 1. Governance/Regulation 2. Accountability/Responsibility 3. Risk Assessment 4. Transparency/Disclosure.,simple,"[{'source': 'data/SPRI_AI_Brief_2023년12월호_F.pdf', 'file_path': 'data/SPRI_AI_Brief_2023년12월호_F.pdf', 'page': 4, 'total_pages': 23, 'Author': 'dj', 'Creator': 'Hwp 2018 10.0.0.13462', 'Producer': 'Hancom PDF 1.3.0.542', 'CreationDate': ""D:20231208132838+09'00'"", 'ModDate': ""D:20231208132838+09'00'"", 'PDFVersion': '1.4', 'filename': 'data/SPRI_AI_Brief_2023년12월호_F.pdf'}, {'source': 'data/SPRI_AI_Brief_2023년12월호_F.pdf', 'file_path': 'data/SPRI_AI_Brief_2023년12월호_F.pdf', 'page': 5, 'total_pages': 23, 'Author': 'dj', 'Creator': 'Hwp 2018 10.0.0.13462', 'Producer': 'Hancom PDF 1.3.0.542', 'CreationDate': ""D:20231208132838+09'00'"", 'ModDate': ""D:20231208132838+09'00'"", 'PDFVersion': '1.4', 'filename': 'data/SPRI_AI_Brief_2023년12월호_F.pdf'}]",True
What is the focus of AIMLA 2024 and when will it take place?,"['Ⅱ\n. 주요 행사 일정\n행사명 행사 주요 개요\n- 미국 소비자기술 협회(CTA)가 주관하는 세계 최대 가전·IT·소\n비재 전시회로 5G, AR&VR, 디지털헬스, 교통·모빌리티 등\n주요 카테고리 중심으로 기업들이 최신의 기술 제품군을 전시\n- CTA 사피로 회장은 가장 주목받는 섹터로 AI를 조명하였으며,\n모든 산업을 포괄한다는 의미에서 ‘올 온(All on)’을 주제로 한\nCES 2024\n이번 전시에는 500곳 이상의 한국기업 참가 예정\n기간 장소 홈페이지\n2024.1.9~12 미국, 라스베가스 https://www.ces.tech/\n- 머신러닝 및 응용에 관한 국제 컨퍼런스(AIMLA 2024)는\n인공지능 및 머신러닝의 이론, 방법론 및 실용적 접근에 관한\n지식과 최신 연구 결과 공유\n- 이론 및 실무 측면에서 인공지능, 기계학습의 주요 분야를\n논의하고, 학계, 산업계의 연구자와 실무자들에게 해당 분\nAIMLA 2024\n야의 최첨단 개발 소식 공유\n기간 장소 홈페이지\nhttps://ccnet2024.org/aimla\n2024.1.27~28 덴마크, 코펜하겐\n/index\n- AI 발전 협회 컨퍼런스(AAAI)는 AI 연구를 촉진하고, AI 분야\n연구원, 실무자, 과학자, 학생 및 공학자 간 교류의 기회 제공\n- 컨퍼런스에서 AI 관련 기술 발표, 특별 트랙, 초청 연사,\nAAAI Conference\n워크숍, 튜토리얼, 포스터 세션, 주제 발표, 대회, 전시 프\non Artificial\n로그램 등 진행\nIntelligence\n기간 장소 홈페이지\nhttps://aaai.org/aaai-confere\n2024.2.20~27 캐나다, 밴쿠버\nnce/']","AIMLA 2024 focuses on artificial intelligence and its applications, including discussions on the latest trends and developments in the field. It will take place from January 27 to 28, 2024.",simple,"[{'source': 'data/SPRI_AI_Brief_2023년12월호_F.pdf', 'file_path': 'data/SPRI_AI_Brief_2023년12월호_F.pdf', 'page': 21, 'total_pages': 23, 'Author': 'dj', 'Creator': 'Hwp 2018 10.0.0.13462', 'Producer': 'Hancom PDF 1.3.0.542', 'CreationDate': ""D:20231208132838+09'00'"", 'ModDate': ""D:20231208132838+09'00'"", 'PDFVersion': '1.4', 'filename': 'data/SPRI_AI_Brief_2023년12월호_F.pdf'}]",True
"What specific areas of computing (such as hardware, software, or algorithms) are expected to be most impacted by advancements in AI, and what types of impacts (like efficiency, innovation, or ethical considerations) are anticipated?","['1. 정책/법제 2. 기업/산업 3. 기술/연구 4. 인력/교육\n빌 게이츠, AI 에이전트로 인한 컴퓨터 사용의 패러다임 변화 전망\nKEY Contents\nn 빌 게이츠가 5년 내 일상언어로 모든 작업을 처리할 수 있는 AI 에이전트가 보급되며 컴퓨터를\n사용하는 방식이 완전히 바뀔 것으로 예상\nn 에이전트의 보급은 컴퓨터 분야를 넘어 산업 전 영역에 영향을 미칠 전망으로 특히 의료와\n교육, 생산성, 엔터테인먼트·쇼핑 영역에서 고가로 제공되던 서비스가 대중화될 전망\n£5년 내 기기에 일상언어로 말하기만 하면 되는 AI 에이전트의 보급 예상\nn 빌 게이츠 마이크로소프트 창업자가 2023년 11월 9일 공식 블로그를 통해 AI 에이전트가 컴퓨터\n사용방식과 소프트웨어 산업을 완전히 변화시킬 것이라는 전망을 제시\n∙ 자연어에 반응하고 사용자에 대한 지식을 바탕으로 다양한 작업을 수행하는 소프트웨어를 의미하는\n에이전트는 컴퓨터 사용방식이 키보드 입력에서 아이콘 클릭으로 바뀐 이후 최대의 컴퓨팅 혁명을\n가져올 전망\n∙ 현재는 컴퓨터 작업 시 작업 내용에 따라 각각 다른 앱을 사용해야 하지만 5년 내 에이전트의 발전으로\n기기에 일상언어로 말하기만 하면 되는 미래가 도래할 것\n∙ 온라인에 접속하는 모든 사람이 AI 기반의 개인 비서를 사용할 수 있게 되며, 에이전트는 사용자에 대한\n풍부한 지식을 바탕으로 맞춤화된 대응이 가능하며 시간이 지날수록 개선됨\n∙ 일례로 여행 계획 수립 시 AI 챗봇이 예산에 맞는 호텔을 제안하는데 머문다면, 에이전트는 사용자의 여행\n패턴을 분석해 여행지를 제안하고 관심사에 따른 활동을 추천하며 선호하는 스타일의 레스토랑 예약도 가능\n£AI 에이전트가 의료와 교육, 생산성, 엔터테인먼트·쇼핑 영역의 서비스 대중화를 주도할 것\nn 에이전트로 인해 주목할 만한 변화는 고비용 서비스의 대중화로 특히 △의료 △교육 △생산성 △\n엔터테인먼트·쇼핑의 4개 영역에서 대규모 변화 예상', 'n 에이전트로 인해 주목할 만한 변화는 고비용 서비스의 대중화로 특히 △의료 △교육 △생산성 △\n엔터테인먼트·쇼핑의 4개 영역에서 대규모 변화 예상\n∙ (의료) 에이전트가 환자 분류를 지원하고 건강 문제에 대한 조언을 제공하며 치료의 필요 여부를 결정하면서\n의료진의 의사결정과 생산성 향상에 기여\n∙ (교육) 에이전트가 1대 1 가정교사의 역할을 맡아 모든 학생에게 평등한 교육 기회를 제공할 수 있으며,\n아이가 좋아하는 게임이나 노래 등을 활용해 시청각 기반의 풍부한 맞춤형 교육 경험을 제공\n∙ (생산성) 사용자의 아이디어를 기반으로 에이전트가 사업계획과 발표 자료 작성, 제품 이미지 생성을\n지원하며, 임원의 개인 비서와 같은 역할도 수행\n∙ (엔터테인먼트·쇼핑) 쇼핑 시 에이전트가 모든 리뷰를 읽고 요약해 최적의 제품을 추천하고 사용자 대신\n주문할 수 있으며 사용자의 관심사에 맞춤화된 뉴스와 엔터테인먼트를 구독 가능\n☞ 출처 : GatesNotes, AI is about to completely change how you use computers, 2023.11.09.']","The context does not provide specific areas of computing that are expected to be most impacted by advancements in AI, nor does it detail the types of impacts such as efficiency, innovation, or ethical considerations that are anticipated.",simple,"[{'source': 'data/SPRI_AI_Brief_2023년12월호_F.pdf', 'file_path': 'data/SPRI_AI_Brief_2023년12월호_F.pdf', 'page': 15, 'total_pages': 23, 'Author': 'dj', 'Creator': 'Hwp 2018 10.0.0.13462', 'Producer': 'Hancom PDF 1.3.0.542', 'CreationDate': ""D:20231208132838+09'00'"", 'ModDate': ""D:20231208132838+09'00'"", 'PDFVersion': '1.4', 'filename': 'data/SPRI_AI_Brief_2023년12월호_F.pdf'}, {'source': 'data/SPRI_AI_Brief_2023년12월호_F.pdf', 'file_path': 'data/SPRI_AI_Brief_2023년12월호_F.pdf', 'page': 15, 'total_pages': 23, 'Author': 'dj', 'Creator': 'Hwp 2018 10.0.0.13462', 'Producer': 'Hancom PDF 1.3.0.542', 'CreationDate': ""D:20231208132838+09'00'"", 'ModDate': ""D:20231208132838+09'00'"", 'PDFVersion': '1.4', 'filename': 'data/SPRI_AI_Brief_2023년12월호_F.pdf'}]",True
How does AI risk mgmt relate to AI safety?,"['1. 정책/법제 2. 기업/산업 3. 기술/연구 4. 인력/교육\n영국 과학혁신기술부, AI 안전 연구소 설립 발표\nKEY Contents\nn 영국 과학혁신기술부가 첨단 AI 시스템에 대한 평가를 통해 안전성을 보장하기 위한 AI\n안전 연구소를 설립한다고 발표\nn AI 안전 연구소는 핵심 기능으로 첨단 AI 시스템 평가 개발과 시행, AI 안전 연구 촉진,\n정보교류 활성화를 추진할 계획\n£영국 AI 안전 연구소, 첨단 AI 시스템 평가와 AI 안전 연구, 정보 교류 추진\nn 영국 과학혁신기술부가 2023년 11월 2일 첨단 AI 안전에 중점을 둔 국가 연구기관으로 AI\n안전 연구소(AI Safety Institute)를 설립한다고 발표\n∙ AI 안전 연구소는 첨단 AI의 위험을 이해하고 거버넌스 마련에 필요한 사회·기술적 인프라 개발을 통해\n영국을 AI 안전 연구의 글로벌 허브로 확립하는 것을 목표로 함\n∙ 영국 정부는 향후 10년간 연구소에 공공자금을 투자해 연구를 지원할 계획으로, 연구소는 △첨단 AI 시스템\n평가 개발과 시행 △AI 안전 연구 촉진 △정보 교류 활성화를 핵심 기능으로 함\nn (첨단 AI 시스템 평가 개발과 시행) 시스템의 안전 관련 속성을 중심으로 안전과 보안 기능을 이해\n하고 사회적 영향을 평가\n∙ 평가 우선순위는 △사이버범죄 조장, 허위 정보 유포 등 악의적으로 활용될 수 있는 기능 △사회에 미치는\n영향 △시스템 안전과 보안 △인간의 통제력 상실 가능성 순\n∙ 연구소는 외부 기관과 협력해 자체 시스템 평가를 개발 및 수행하고, 평가와 관련된 의견 공유 및 지침\n마련을 위해 전문가 커뮤니티를 소집할 계획\nn (AI 안전 연구 촉진) 외부 연구자를 소집하고 다양한 예비 연구 프로젝트를 통해 AI 안전 기초연구를 수행\n∙ AI 시스템의 효과적 거버넌스를 위한 도구 개발* 및 안전한 AI 시스템 개발을 위한 새로운 접근 방식 연구를 수행\n* 편향된 훈련 데이터에 대한 분석기술, 민감한 정보를 포함하는 AI 시스템에 대한 미세 조정 방법']",The context does not provide a direct answer to how AI risk management relates to AI safety.,reasoning,"[{'source': 'data/SPRI_AI_Brief_2023년12월호_F.pdf', 'file_path': 'data/SPRI_AI_Brief_2023년12월호_F.pdf', 'page': 17, 'total_pages': 23, 'Author': 'dj', 'Creator': 'Hwp 2018 10.0.0.13462', 'Producer': 'Hancom PDF 1.3.0.542', 'CreationDate': ""D:20231208132838+09'00'"", 'ModDate': ""D:20231208132838+09'00'"", 'PDFVersion': '1.4', 'filename': 'data/SPRI_AI_Brief_2023년12월호_F.pdf'}]",True
What are the key principles of the G7's AI guidelines on ethics and cooperation?,"['SPRi AI Brief |\n2023-12월호\nG7, 히로시마 AI 프로세스를 통해 AI 기업 대상 국제 행동강령에 합의\nKEY Contents\nn G7이 첨단 AI 시스템을 개발하는 기업을 대상으로 AI 위험 식별과 완화를 위해 자발적인\n채택을 권고하는 AI 국제 행동강령을 마련\nn 행동강령은 AI 수명주기 전반에 걸친 위험 평가와 완화, 투명성과 책임성의 보장, 정보공유와\n이해관계자 간 협력, 보안 통제, 콘텐츠 인증과 출처 확인 등의 조치를 요구\n£G7, 첨단 AI 시스템의 위험 관리를 위한 국제 행동강령 마련\nn 주요 7개국(G7)*은 2023년 10월 30일 ‘히로시마 AI 프로세스’를 통해 AI 기업 대상의 AI 국제\n행동강령(International Code of Conduct for Advanced AI Systems)에 합의\n∙ G7은 2023년 5월 일본 히로시마에서 개최된 정상회의에서 생성 AI에 관한 국제규범 마련과\n정보공유를 위해 ‘히로시마 AI 프로세스’를 출범**\n∙ 기업의 자발적 채택을 위해 마련된 이번 행동강령은 기반모델과 생성 AI를 포함한 첨단 AI 시스템의\n위험 식별과 완화에 필요한 조치를 포함\n* 주요 7개국(G7)은 미국, 일본, 독일, 영국, 프랑스, 이탈리아, 캐나다를 의미\n** 5월 정상회의에는 한국, 호주, 베트남 등을 포함한 8개국이 초청을 받았으나, AI 국제 행동강령에는 우선 G7 국가만 포함하여 채택\nn G7은 행동강령을 통해 아래의 조치를 제시했으며, 빠르게 발전하는 기술에 대응할 수 있도록\n이해관계자 협의를 통해 필요에 따라 개정할 예정\n∙ 첨단 AI 시스템의 개발 과정에서 AI 수명주기 전반에 걸쳐 위험을 평가 및 완화하는 조치를 채택하고,\n첨단 AI 시스템의 출시와 배포 이후 취약점과 오용 사고, 오용 유형을 파악해 완화\n∙ 첨단 AI 시스템의 성능과 한계를 공개하고 적절하거나 부적절한 사용영역을 알리는 방법으로 투명성을\n보장하고 책임성을 강화', '∙ 첨단 AI 시스템의 성능과 한계를 공개하고 적절하거나 부적절한 사용영역을 알리는 방법으로 투명성을\n보장하고 책임성을 강화\n∙ 산업계, 정부, 시민사회, 학계를 포함해 첨단 AI 시스템을 개발하는 조직 간 정보공유와 사고 발생 시\n신고를 위해 협력하고, 위험 기반 접근방식을 토대로 개인정보보호 정책과 위험 완화 조치를 포함하는\nAI 거버넌스와 위험 관리 정책을 마련\n∙ AI 수명주기 전반에 걸쳐 물리보안, 사이버보안, 내부자 위협 보안을 포함한 강력한 보안 통제 구현\n∙ 사용자가 AI 생성 콘텐츠를 식별할 수 있도록 워터마크를 비롯하여 기술적으로 가능한 기법으로\n신뢰할 수 있는 콘텐츠 인증과 출처 확인 메커니즘을 개발 및 구축\n∙ 사회적 위험과 안전·보안 문제를 완화하는 연구와 효과적인 완화 대책에 우선 투자하고, 기후 위기\n대응, 세계 보건과 교육 등 세계적 난제 해결을 위한 첨단 AI 시스템을 우선 개발\n∙ 국제 기술 표준의 개발 및 채택을 가속화하고, 개인정보와 지식재산권 보호를 위해 데이터 입력과 수집\n시 적절한 보호 장치 구현\n☞ 출처: G7, Hiroshima Process International Code of Conduct for Advanced AI Systems, 2023.10.30.\n2']","The key principles of the G7's AI guidelines on ethics and cooperation include the promotion of AI that is human-centered, ensuring that AI systems are transparent, accountable, and respect human rights. The guidelines emphasize the importance of international cooperation in the development and deployment of AI technologies, as well as the need for robust governance frameworks to manage the risks associated with AI.",multi_context,"[{'source': 'data/SPRI_AI_Brief_2023년12월호_F.pdf', 'file_path': 'data/SPRI_AI_Brief_2023년12월호_F.pdf', 'page': 4, 'total_pages': 23, 'Author': 'dj', 'Creator': 'Hwp 2018 10.0.0.13462', 'Producer': 'Hancom PDF 1.3.0.542', 'CreationDate': ""D:20231208132838+09'00'"", 'ModDate': ""D:20231208132838+09'00'"", 'PDFVersion': '1.4', 'filename': 'data/SPRI_AI_Brief_2023년12월호_F.pdf'}, {'source': 'data/SPRI_AI_Brief_2023년12월호_F.pdf', 'file_path': 'data/SPRI_AI_Brief_2023년12월호_F.pdf', 'page': 4, 'total_pages': 23, 'Author': 'dj', 'Creator': 'Hwp 2018 10.0.0.13462', 'Producer': 'Hancom PDF 1.3.0.542', 'CreationDate': ""D:20231208132838+09'00'"", 'ModDate': ""D:20231208132838+09'00'"", 'PDFVersion': '1.4', 'filename': 'data/SPRI_AI_Brief_2023년12월호_F.pdf'}]",True
What frameworks guide the ethical use of advanced AI?,"['∙ 첨단 AI 시스템의 성능과 한계를 공개하고 적절하거나 부적절한 사용영역을 알리는 방법으로 투명성을\n보장하고 책임성을 강화\n∙ 산업계, 정부, 시민사회, 학계를 포함해 첨단 AI 시스템을 개발하는 조직 간 정보공유와 사고 발생 시\n신고를 위해 협력하고, 위험 기반 접근방식을 토대로 개인정보보호 정책과 위험 완화 조치를 포함하는\nAI 거버넌스와 위험 관리 정책을 마련\n∙ AI 수명주기 전반에 걸쳐 물리보안, 사이버보안, 내부자 위협 보안을 포함한 강력한 보안 통제 구현\n∙ 사용자가 AI 생성 콘텐츠를 식별할 수 있도록 워터마크를 비롯하여 기술적으로 가능한 기법으로\n신뢰할 수 있는 콘텐츠 인증과 출처 확인 메커니즘을 개발 및 구축\n∙ 사회적 위험과 안전·보안 문제를 완화하는 연구와 효과적인 완화 대책에 우선 투자하고, 기후 위기\n대응, 세계 보건과 교육 등 세계적 난제 해결을 위한 첨단 AI 시스템을 우선 개발\n∙ 국제 기술 표준의 개발 및 채택을 가속화하고, 개인정보와 지식재산권 보호를 위해 데이터 입력과 수집\n시 적절한 보호 장치 구현\n☞ 출처: G7, Hiroshima Process International Code of Conduct for Advanced AI Systems, 2023.10.30.\n2', '문제를 방지하는 조치를 확대\n∙ 형사사법 시스템에서 AI 사용 모범사례를 개발하고, 주택 임대 시 AI 알고리즘 차별을 막기 위한 명확한\n지침을 제공하며, 보건복지 부문에서 책임 있는 AI 배포와 사용을 위한 전략을 마련\nn (소비자 보호와 근로자 지원) 의료 분야에서 책임 있는 AI 사용을 촉진하고 맞춤형 개인교습 등 학교\n내 AI 교육 도구 관련 자원을 개발하며, AI로 인한 근로자 피해를 완화하고 이점을 극대화하는 원칙과\n모범사례를 마련\nn (혁신과 경쟁 촉진) 국가AI연구자원(National Artificial Intelligence Research Resource, NAIRR)*을\n통해 미국 전역의 AI 연구를 촉진하고, 중소기업과 개발자에 기술과 인프라를 지원\n* 국가 차원에서 AI 연구 인프라를 확충해 더 많은 AI 연구자에게 인프라를 지원하는 프로그램\n∙ 비자 기준과 인터뷰 절차의 현대화와 간소화로 AI 관련 주요 분야의 전문 지식을 갖춘 외국인들이 미국에서\n공부하고 취업할 수 있도록 지원\n☞ 출처 : The White House, Executive Order on the Safe, Secure, and Trustworthy Development and Use of\nArtificial Intelligence (E.O. 14110), 2023.10.30.']","The context mentions frameworks such as the G7 Hiroshima Process International Code of Conduct for Advanced AI Systems and the Executive Order on the Safe, Secure, and Trustworthy Development and Use of Artificial Intelligence (E.O. 14110) as guiding frameworks for the ethical use of advanced AI.",multi_context,"[{'source': 'data/SPRI_AI_Brief_2023년12월호_F.pdf', 'file_path': 'data/SPRI_AI_Brief_2023년12월호_F.pdf', 'page': 4, 'total_pages': 23, 'Author': 'dj', 'Creator': 'Hwp 2018 10.0.0.13462', 'Producer': 'Hancom PDF 1.3.0.542', 'CreationDate': ""D:20231208132838+09'00'"", 'ModDate': ""D:20231208132838+09'00'"", 'PDFVersion': '1.4', 'filename': 'data/SPRI_AI_Brief_2023년12월호_F.pdf'}, {'source': 'data/SPRI_AI_Brief_2023년12월호_F.pdf', 'file_path': 'data/SPRI_AI_Brief_2023년12월호_F.pdf', 'page': 3, 'total_pages': 23, 'Author': 'dj', 'Creator': 'Hwp 2018 10.0.0.13462', 'Producer': 'Hancom PDF 1.3.0.542', 'CreationDate': ""D:20231208132838+09'00'"", 'ModDate': ""D:20231208132838+09'00'"", 'PDFVersion': '1.4', 'filename': 'data/SPRI_AI_Brief_2023년12월호_F.pdf'}]",True
What's the FTC's role in AI regulation regarding privacy and safety complaints?,"['1. 정책/법제 2. 기업/산업 3. 기술/연구 4. 인력/교육\n미국 연방거래위원회, 저작권청에 소비자 보호와 경쟁 측면의 AI 의견서 제출\nKEY Contents\nn 미국 FTC는 저작권청이 실시한 저작권과 AI 관련 질의공고에 대하여 소비자 보호와 경쟁\n측면의 의견을 제시\nn FTC는 생성 AI로 인한 창작자와 소비자 피해의 가능성에 우려를 표시하는 한편, 일부\n빅테크가 막대한 재원을 활용해 시장 지배력을 더욱 강화할 수 있다는 우려를 제기\n£FTC, 생성 AI로 인한 소비자와 창작자의 피해 및 빅테크의 시장 지배력 강화 우려\nn 미국 연방거래위원회(FTC)가 2023년 10월 30일 저작권청(U.S. Copyright Office, USCO)이\n지난 9월 발표한 저작권과 AI 관련 질의공고(Notice of Inquiry, NOI)에 대한 의견서를 발표\n∙ 저작권청은 생성 AI와 관련된 저작권법과 정책 이슈를 조사하고 있으며, 폭넓은 의견 수렴을 통해\n입법과 규제 조치의 필요성을 검토할 계획\n∙ FTC는 생성 AI의 개발과 배포가 소비자, 근로자, 중소기업에 피해를 줄 수 있다며 소비자의 개인정보\n침해, 차별과 편견의 자동화, 사기 범죄 등 AI 사용과 관련된 위험에 주목\nn FTC는 저작권법에 따른 권리와 책임 범위를 넘어서는 저작권 문제에 주목하여 생성 AI로 인해\n창작자의 경쟁력이 불공정한 피해를 볼 수 있으며, 소비자가 특정 창작자의 작품을 생성 AI가\n만들었다고 오해할 소지가 있다고 지적\n∙ 저작권법에 저촉되는 행위는 불공정 경쟁이나 기만행위에도 해당될 수 있으며, 창작자의 평판 악화,\n저작물의 가치 저하나 개인정보 유출로 소비자에 상당한 피해를 초래 가능\nn FTC는 일부 빅테크가 막대한 재원을 활용해 생성 AI 사용자의 이탈을 막고 저작권이 있는 상용\n데이터에 대한 독점 라이선스를 확보해 시장 지배력을 더욱 강화할 수 있다는 우려도 제기']","The FTC's role in AI regulation regarding privacy and safety complaints includes overseeing the implications of AI on privacy and safety, ensuring that AI applications comply with relevant regulations, and addressing complaints related to AI's impact on consumers. The FTC is responsible for enforcing rules that protect consumers from unfair or deceptive practices in the use of AI.",conditional,"[{'source': 'data/SPRI_AI_Brief_2023년12월호_F.pdf', 'file_path': 'data/SPRI_AI_Brief_2023년12월호_F.pdf', 'page': 7, 'total_pages': 23, 'Author': 'dj', 'Creator': 'Hwp 2018 10.0.0.13462', 'Producer': 'Hancom PDF 1.3.0.542', 'CreationDate': ""D:20231208132838+09'00'"", 'ModDate': ""D:20231208132838+09'00'"", 'PDFVersion': '1.4', 'filename': 'data/SPRI_AI_Brief_2023년12월호_F.pdf'}]",True
"What ethical and tech factors matter most for AI in healthcare and finance, given compliance?","['n 에이전트로 인해 주목할 만한 변화는 고비용 서비스의 대중화로 특히 △의료 △교육 △생산성 △\n엔터테인먼트·쇼핑의 4개 영역에서 대규모 변화 예상\n∙ (의료) 에이전트가 환자 분류를 지원하고 건강 문제에 대한 조언을 제공하며 치료의 필요 여부를 결정하면서\n의료진의 의사결정과 생산성 향상에 기여\n∙ (교육) 에이전트가 1대 1 가정교사의 역할을 맡아 모든 학생에게 평등한 교육 기회를 제공할 수 있으며,\n아이가 좋아하는 게임이나 노래 등을 활용해 시청각 기반의 풍부한 맞춤형 교육 경험을 제공\n∙ (생산성) 사용자의 아이디어를 기반으로 에이전트가 사업계획과 발표 자료 작성, 제품 이미지 생성을\n지원하며, 임원의 개인 비서와 같은 역할도 수행\n∙ (엔터테인먼트·쇼핑) 쇼핑 시 에이전트가 모든 리뷰를 읽고 요약해 최적의 제품을 추천하고 사용자 대신\n주문할 수 있으며 사용자의 관심사에 맞춤화된 뉴스와 엔터테인먼트를 구독 가능\n☞ 출처 : GatesNotes, AI is about to completely change how you use computers, 2023.11.09.', 'SPRi AI Brief |\n2023-12월호\n유튜브, 2024년부터 AI 생성 콘텐츠 표시 의무화\nKEY Contents\nn 유튜브가 몇 달 안에 생성 AI를 사용한 콘텐츠에 AI 라벨 표시를 의무화하기로 했으며, 이를\n준수하지 않는 콘텐츠는 삭제하고 크리에이터에 대한 수익 배분도 중단할 수 있다고 설명\nn 유튜브는 AI 생성 콘텐츠가 신원 파악이 가능한 개인을 모방한 경우 개인정보 침해 신고\n절차에 따라 콘텐츠 삭제 요청도 받을 계획\n£유튜브, 생성 AI 콘텐츠에 AI 라벨 표시 안 하면 콘텐츠 삭제\nn 유튜브가 2023년 11월 14일 공식 블로그를 통해 몇 달 안에 생성 AI를 사용한 콘텐츠에 AI\n라벨을 표시하는 새로운 규칙을 시행한다고 발표\n∙ 실제로 일어나지 않은 사건을 사실적으로 묘사하거나 실제로 하지 않은 말이나 행동을 보여주는 콘텐츠와\n같이 AI 도구를 사용해 사실적으로 변경되거나 합성된 콘텐츠에는 AI 라벨을 표시 필요\n∙ 유튜브는 이러한 규칙이 선거나 분쟁 상황, 공중 보건, 공직자 관련 문제와 같이 민감한 주제를 다루는\n콘텐츠에서 특히 중요하다고 강조했으며, 크리에이터가 AI로 제작한 콘텐츠에 AI 라벨을 표시하지 않으면\n해당 콘텐츠는 삭제되고 광고 수익을 배분하는 유튜브 파트너 프로그램도 정지될 수 있음\n∙ 유튜브는 두 가지 방식으로 AI를 이용한 콘텐츠의 변경이나 합성 여부를 시청자에게 전달할 계획으로\n동영상 설명 패널에 라벨을 표시하는 방식이 기본이며, 민감한 주제를 다루는 특정 유형의 콘텐츠는 동영상\n플레이어에 더욱 눈에 띄는 라벨을 적용\n∙ 유튜브는 커뮤니티 정책에 위반되는 일부 합성 콘텐츠에 대해서는 라벨 지정 여부와 관계없이 삭제할\n방침으로, 가령 사실적인 폭력을 보여주는 합성 동영상이 시청자에게 충격이나 혐오감을 줄 수 있다면\n삭제될 수 있음\n£유튜브, 특정인을 모방한 AI 생성 콘텐츠에 대한 삭제 요청에도 대응 계획\nn 유튜브는 몇 달 내에 신원 파악이 가능한 개인의 얼굴이나 음성을 모방한 AI 생성 콘텐츠에 대하']","The context does not provide specific information regarding the ethical and tech factors that matter most for AI in healthcare and finance, given compliance.",conditional,"[{'source': 'data/SPRI_AI_Brief_2023년12월호_F.pdf', 'file_path': 'data/SPRI_AI_Brief_2023년12월호_F.pdf', 'page': 15, 'total_pages': 23, 'Author': 'dj', 'Creator': 'Hwp 2018 10.0.0.13462', 'Producer': 'Hancom PDF 1.3.0.542', 'CreationDate': ""D:20231208132838+09'00'"", 'ModDate': ""D:20231208132838+09'00'"", 'PDFVersion': '1.4', 'filename': 'data/SPRI_AI_Brief_2023년12월호_F.pdf'}, {'source': 'data/SPRI_AI_Brief_2023년12월호_F.pdf', 'file_path': 'data/SPRI_AI_Brief_2023년12월호_F.pdf', 'page': 16, 'total_pages': 23, 'Author': 'dj', 'Creator': 'Hwp 2018 10.0.0.13462', 'Producer': 'Hancom PDF 1.3.0.542', 'CreationDate': ""D:20231208132838+09'00'"", 'ModDate': ""D:20231208132838+09'00'"", 'PDFVersion': '1.4', 'filename': 'data/SPRI_AI_Brief_2023년12월호_F.pdf'}]",True
